{"RN ten Doeschate":3.4285714285714284,"J Yadav":4.142857142857143,"V Kohli":5.454545454545455,"R Ashwin":5.725,"S Nadeem":5.863636363636364,"Z Khan":6.15483870967742,"Parvez Rasool":6.2,"MC Henriques":6.2675159235668785,"MA Starc":6.75,"M de Lange":6.923076923076923,"Sandeep Sharma":6.92604501607717,"GB Hogg":6.9921259842519685,"M Vijay":7,"A Nehra":7.059740259740259,"Gurkeerat Singh":7.071428571428571,"Bipul Sharma":7.142857142857143,"JP Duminy":7.177570093457945,"SL Malinga":7.190476190476191,"S Aravind":7.2,"STR Binny":7.2100840336134455,"SK Raina":7.230769230769231,"IC Pandey":7.238095238095238,"M Morkel":7.310344827586207,"CH Gayle":7.384615384615385,"Iqbal Abdulla":7.438016528925619,"CH Morris":7.466666666666667,"HV Patel":7.477941176470588,"A Mishra":7.518072289156627,"NM Coulter-Nile":7.5227272727272725,"SP Narine":7.530612244897959,"Harbhajan Singh":7.702005730659026,"DJ Muthuswami":7.714285714285714,"RA Jadeja":7.767441860465116,"MJ McClenaghan":7.770491803278688,"PP Chawla":7.783018867924528,"B Kumar":7.783281733746129,"AD Russell":7.8425196850393695,"PV Tambe":7.852941176470588,"DS Kulkarni":7.873303167420814,"TA Boult":7.922651933701657,"J Botha":7.935483870967741,"Ankit Sharma":7.953488372093023,"RS Bopara":8,"AD Mathews":8.075675675675676,"DJ Hooda":8.103092783505154,"Yuvraj Singh":8.181818181818182,"DJ Bravo":8.185185185185185,"BE Hendricks":8.195121951219512,"D Wiese":8.244274809160306,"CJ Anderson":8.25,"MM Sharma":8.262857142857143,"A Ashish Reddy":8.27027027027027,"AR Patel":8.283737024221454,"Shakib Al Hasan":8.292134831460674,"R Vinay Kumar":8.4,"R Dhawan":8.430379746835444,"KV Sharma":8.485355648535565,"J Suchith":8.485355648535565,"SR Watson":8.487046632124352,"P Negi":8.491803278688524,"DR Smith":8.5,"Imran Tahir":8.590909090909092,"DJG Sammy":8.666666666666666,"P Suyal":8.686567164179104,"UT Yadav":8.729323308270676,"TG Southee":8.742857142857142,"P Kumar":8.817391304347826,"YS Chahal":8.819787985865725,"DW Steyn":8.844827586206897,"Anureet Singh":8.888198757763975,"NLTC Perera":8.91891891891892,"KA Pollard":8.962962962962964,"MG Johnson":8.987012987012987,"JA Morkel":9.162162162162161,"GJ Maxwell":9.238095238095237,"JP Faulkner":9.245551601423488,"PJ Cummins":9.363636363636363,"R Bhatia":9.4,"J Theron":9.461538461538462,"VR Aaron":9.557522123893806,"HH Pandya":9.981308411214954,"YK Pathan":10,"JD Unadkat":10,"AN Ahmed":10.18421052631579,"RG More":10.216216216216216,"R Tewatia":10.333333333333334,"S Gopal":10.615384615384617,"SA Abbott":10.6875,"GS Sandhu":10.75,"BB Sran":10.799999999999999,"I Sharma":10.853932584269662,"Karanveer Singh":10.96551724137931,"JJ Bumrah":11.26530612244898,"AB Dinda":11.454545454545455,"PP Ojha":11.5,"SN Thakur":11.7,"Azhar Mahmood":12.299999999999999,"KC Cariappa":14,"Shivam Sharma":14.666666666666666}